[
	{
    "address": "0xb9bbc349222f2e3b3656565247e9a2add8e1b7946bc21d0cb921cf5244f95fb8",
    "phrase": "garment bridge still diary unlock light delay invite only giant print wrong"
	},
	{
    "address": "0xeb7f940cf387bfb5cfb31b32d5856b2a4f0d06be15210ca23d4b2a765c2bd8bf",
    "phrase": "tooth invest occur mixed patch rebuild ankle hundred hill below student seat"
	},
	{
    "address": "0x9cc9fe617b07434aa790219eef1013438428eceec742fb7042fccaada571d770",
    "phrase": "drift curtain popular wrap path saddle tennis midnight sea dawn bronze echo"
	},
	{
    "address": "0x21940eae033c7b544337a4c7aab80dde2c122a98e14740935cb99a32127ec79b",
    "phrase": "obvious renew throw prefer length insane exile bunker vehicle grant spring device"
	},
	{
    "address": "0xfb89026e9080069d62f4d8d39c9b235b83e43bbc3d19150b54f45b56af7ab8a6",
    "phrase": "special lottery either lonely bid happy oyster reduce hero exit sunny puppy"
	},
	{
    "address": "0x8bd906be8f2d79d36658e9bbd4943340f8afc2cc07680109eb028ee0f15d053e",
    "phrase": "coconut chair pass level expand transfer opera result impose vacuum seat chalk"
	},
	{
    "address": "0x02666dd1854d9bbe558c28299cb2255f609cbafcd03d73f475dcbb257a5e6b62",
    "phrase": "tongue tiny pull clever siege transfer six verb system apart beef flag"
	},
	{
    "address": "0xcb3ac496e5e9762049f25046495a1320a95b1b8884d3717a5c11ba3071220f17",
    "phrase": "agent battle return observe burst trouble shine slush weasel alter mystery shine"
	},
	{
    "address": "0xca38cea55bb067cab84e48d40a6db0a395ee2f48f2d09509050a0aeda936cac8",
    "phrase": "usage lawsuit used nuclear tell outer tenant husband offer cricket manual easily"
	},
	{
    "address": "0xbd47a1f3b01b96be58e75076df6d90dfb42d73d797a59e69d2bb5884d985047c",
    "phrase": "suspect diet prevent fruit horror issue lend fog trial oil income fresh"
	},
	{
    "address": "0xbf4962602eaa007a7bdf2a60de82dda5c6f433b04b5fba4a256d4a0b58455fbe",
    "phrase": "short pact ethics until strike sword curve sketch replace dove rely suggest"
	},
	{
    "address": "0xffeadea786e4280fa5ff2f1b78669df646fdc784c70d06de8bd063b9322b841a",
    "phrase": "gather ugly couch catch aspect invest beyond giant action lawsuit match bind"
	},
	{
    "address": "0x5af2df0a74f144af9381bf9cc27316a458f675fcadcd92922d006ffba0bdeace",
    "phrase": "item museum father action vacuum seed rare robust sell almost diamond just"
	},
	{
    "address": "0x59ef6f52a799f3e0217480c9aec6c64d1e69195a0ca789ea23c638bc7109d8f6",
    "phrase": "office pilot sort female glove real exhibit solution front type pledge together"
	},
	{
    "address": "0xaa53d6091cb4277ec9bdd9498c567deed3241a40680cd4f387579c635645c3bc",
    "phrase": "hundred mix hazard film sponsor survey ladder key scissors tiny display lesson"
	},
	{
    "address": "0x619490f07938f4ce19aa1b686b26815dd13cac94681eef5974007d4076b54bfd",
    "phrase": "puppy glance pioneer below undo video enable spirit sun resource crowd shield"
	},
	{
    "address": "0x92dabee05266cddf7de4ee28020529f5bc9bb5374d7a6a841106eac0fb798f2c",
    "phrase": "dumb adult radio skin visual remind question blade noble jungle hero coast"
	},
	{
    "address": "0xb4525d068d177d035b2ae1d3b577ec71736ae54adbdfe05962a9306b01fd93d2",
    "phrase": "happy scale snack amazing alone region source opinion kitten box snap young"
	},
	{
    "address": "0x7285abede6bc26249940e098bf7031aec637d3eb832c5c967a67dbdc7fe8846e",
    "phrase": "slab best corn draft match reason remain organ wave run master donor"
	},
	{
    "address": "0x2c18010cee39101353cf714c9b9b2f1b3b41f2fa5792b6b340cdc5281062a1e6",
    "phrase": "north legend pig quit above agent food push city canoe top execute"
	},
	{
    "address": "0xfbc95b98c403132f75d4b81d5732a1468451af8067754af6ca5d582251292389",
    "phrase": "figure flavor roast noise tool ill setup salad hurry path junk drama"
	},
	{
    "address": "0xf3e6be4b7d27ae6db5a312808402e77199cce8c8c7a3daad6a0074dbda9c3cb5",
    "phrase": "become tip clay supreme goose net wealth cluster either follow uncover mixture"
	},
	{
    "address": "0x0d7c12dd0c2da58c914e8cbc839be4387e84a260bf6f1d2511f1b5109b8f617a",
    "phrase": "claw flock cloth clock pen delay distance misery page bunker wave buyer"
	},
	{
    "address": "0xdd92186d0d9f5e893665d20d1e113214bab9307b60b55c141d1c241782fc8ee8",
    "phrase": "abuse welcome guitar food orbit shock ripple april outdoor burger cattle buddy"
	},
	{
    "address": "0x490d055aa0801eaf152ac4cae5646f8f9287a8614d6c709b8ac911943d9ec6f7",
    "phrase": "crouch stand because apple elevator attend sail improve pet vacant solve army"
	},
	{
    "address": "0x0997fa09130492b634b7dfb4ad550af1e7f29cc24b8223f11b7e4b33f1030f6c",
    "phrase": "feed head bulk assault ivory fiber solid remember goat onion level coyote"
	},
	{
    "address": "0x7f92cd50ce3641db31eb80ae5c27d1948cf4a2f98418d4679718cf0a34043e35",
    "phrase": "million view absorb oblige oyster quick sponsor ribbon member split audit stool"
	},
	{
    "address": "0x37ca5f8a6779ee87a0cb786eb014ad1f6fdc05071d86ece7797ccc6404ad67f8",
    "phrase": "exit metal easy raw grain alert kidney age leopard jungle own stereo"
	},
	{
    "address": "0x8341278c6117d99c4794587d170142dddc6d2e8bbade81cfeab36868840dee0a",
    "phrase": "run spice rose poverty camp ready globe fury again man fire effort"
	},
	{
    "address": "0xeacda33482511293fc9d2e28b464dc8817fe31f2acab538a82512b015a67b89f",
    "phrase": "remind inquiry scorpion ensure license outside response leopard coil wisdom still spin"
	},
	{
    "address": "0x3b58972061b79374e079c7f3ab4d699e92713e11ba08a4fe8c6d410ae118181d",
    "phrase": "garment bridge still diary unlock light delay invite only giant print wrong"
	},
	{
    "address": "0xb9bbc349222f2e3b3656565247e9a2add8e1b7946bc21d0cb921cf5244f95fb8",
    "phrase": "summer eye journey conduct rack bulk lemon uncover team stay half tiny"
	}
	
]